,real,synt,combo
loss,0.15445411867565573,0.043980792164802524,0.029368566970030433
accuracy,0.8446316189236112,0.95596923828125,0.9707234700520834
iou,0.7453112204869589,0.775860071182251,0.8658557534217834
dice,0.822510838508606,0.9376425623893738,0.9579887588818868
f1,0.6382068759865231,0.5078247904777526,0.523170123497645
