,real,synt,combo
loss,0.03796543315466903,0.0311855090161164,0.015346917090937476
accuracy,0.9616970486111112,0.9687364366319444,0.9846038818359375
iou,0.7185417546166314,0.739255964756012,0.8116419166326523
dice,0.6512795951631334,0.7626588609483507,0.8071382641792297
f1,0.07278211021588905,0.11016747438245345,0.06827898323535914
