,real,synt,combo
loss,0.026629812549799625,0.020538079862793233,0.02682405834396673
accuracy,0.9731597900390625,0.97930908203125,0.9731241861979166
iou,0.7577731162309647,0.7761205633481344,0.8253673513730367
dice,0.7525147646665573,0.7391225894292196,0.827373226483663
f1,0.0942660234868526,0.06992304200927414,0.14771226296822226
