,loss,accuracy,mean_iou,dice_coef,f1_score
0,0.18502385914325714,0.81317138671875,0.740050196647644,0.7819409370422363,0.6560577154159546
1,0.20550452172756195,0.79278564453125,0.7177203297615051,0.7891483306884766,0.7321338057518005
2,0.03276628255844116,0.96734619140625,0.9158152341842651,0.9411566257476807,0.44877859950065613
3,0.14168138802051544,0.8580322265625,0.8391271829605103,0.8032854199409485,0.5943116545677185
4,0.15073233842849731,0.8487548828125,0.6296176314353943,0.8426370024681091,0.6482962965965271
5,0.15073233842849731,0.8487548828125,0.6296176314353943,0.8426370024681091,0.6482962965965271
6,0.17646043002605438,0.822021484375,0.6790052652359009,0.8093584775924683,0.6895420551300049
7,0.20550452172756195,0.79278564453125,0.7177203297615051,0.7891483306884766,0.7321338057518005
8,0.14168138802051544,0.8580322265625,0.8391271829605103,0.8032854199409485,0.5943116545677185
