,loss,accuracy,mean_iou,dice_coef,f1_score
0,0.08243758976459503,0.91754150390625,0.6731418371200562,0.8950228095054626,0.5252924561500549
1,0.03069380670785904,0.96905517578125,0.8251466751098633,0.9607173800468445,0.5505374073982239
2,0.03803937882184982,0.96209716796875,0.7779325842857361,0.9358776211738586,0.45637834072113037
3,0.03069380670785904,0.96905517578125,0.8251466751098633,0.9607173800468445,0.5505374073982239
4,0.03803937882184982,0.96209716796875,0.7779325842857361,0.9358776211738586,0.45637834072113037
