,loss,accuracy,mean_iou,dice_coef,f1_score
0,0.027055468410253525,0.97314453125,0.871026337146759,0.9655835032463074,0.5558395385742188
1,0.03399476408958435,0.96588134765625,0.8555145859718323,0.9427992701530457,0.4578312933444977
2,0.027055468410253525,0.97314453125,0.871026337146759,0.9655835032463074,0.5558395385742188
