,loss,accuracy,mean_iou,dice_coef,f1_score
0,0.032907143235206604,0.96685791015625,0.7029421329498291,0.6368561387062073,0.06026164069771767
1,0.024416077882051468,0.97528076171875,0.7281432151794434,0.6502044200897217,0.04789705201983452
2,0.05551433563232422,0.94390869140625,0.7112682461738586,0.661225438117981,0.1070995181798935
3,0.051856979727745056,0.9478759765625,0.7199606895446777,0.6478731036186218,0.09941417723894119
4,0.06396722793579102,0.93548583984375,0.6972542405128479,0.6522102355957031,0.11969930678606033
5,0.03337567672133446,0.96630859375,0.7239861488342285,0.6477591395378113,0.0642722025513649
6,0.03982008248567581,0.959716796875,0.7219089269638062,0.6519857048988342,0.0780104324221611
7,0.011740769259631634,0.98822021484375,0.731255292892456,0.6608540415763855,0.02388131432235241
8,0.02809060551226139,0.97161865234375,0.7301568984985352,0.6525481343269348,0.05450334772467613
