,loss,accuracy,mean_iou,dice_coef,f1_score
0,0.0185278058052063,0.9814453125,0.8090811967849731,0.8210609555244446,0.08508647978305817
1,0.013487371616065502,0.9864501953125,0.8117703199386597,0.826927125453949,0.06347142159938812
2,0.019280526787042618,0.98052978515625,0.8141567707061768,0.8181413412094116,0.08542213588953018
3,0.010091964155435562,0.989990234375,0.8115593791007996,0.7624236345291138,0.0391358956694603
