,loss,accuracy,mean_iou,dice_coef,f1_score
0,0.019961794838309288,0.9798583984375,0.7861971855163574,0.8155080676078796,0.09355363249778748
1,0.01609227806329727,0.98388671875,0.8009064197540283,0.8075391054153442,0.07371699810028076
2,0.039202842861413956,0.9608154296875,0.6503527760505676,0.7936789989471436,0.15308305621147156
3,0.057640932500362396,0.94232177734375,0.6672714948654175,0.6720990538597107,0.14995481073856354
4,0.04063363000750542,0.959228515625,0.6976010203361511,0.8093909025192261,0.17142854630947113
5,0.022612085565924644,0.977294921875,0.7943768501281738,0.8008860945701599,0.09930393099784851
6,0.055480532348155975,0.94415283203125,0.6340813636779785,0.6006743311882019,0.12196239084005356
7,0.011686883866786957,0.988525390625,0.8120384812355042,0.7443563342094421,0.04498537629842758
8,0.017358601093292236,0.9825439453125,0.8104780912399292,0.8197968602180481,0.08351852744817734
