,loss,accuracy,mean_iou,dice_coef,f1_score
0,0.045393072068691254,0.95361328125,0.7272096872329712,0.7464573979377747,0.1419822871685028
1,0.03316424414515495,0.96685791015625,0.6891717314720154,0.7310707569122314,0.10403285175561905
2,0.005769429728388786,0.9942626953125,0.836786150932312,0.7039761543273926,0.02471517026424408
3,0.02219250425696373,0.9779052734375,0.7779248952865601,0.8285547494888306,0.10633378475904465
