,loss,accuracy,mean_iou,dice_coef,f1_score
0,0.014854008331894875,0.9849853515625,0.7941598296165466,0.7459682822227478,0.05565774068236351
1,0.028011662885546684,0.97186279296875,0.7398214340209961,0.7274582386016846,0.08709865063428879
2,0.0187485683709383,0.9810791015625,0.7943804264068604,0.7439412474632263,0.0670127347111702
