,loss,accuracy,mean_iou,dice_coef,f1_score
0,0.0256388820707798,0.97467041015625,0.5122050046920776,0.3263144791126251,0.02483423426747322
1,0.03767787292599678,0.962158203125,0.5824942588806152,0.472140371799469,0.08273359388113022
2,0.04983215779066086,0.94976806640625,0.5498687624931335,0.6970491409301758,0.11004728078842163
3,0.051337651908397675,0.94866943359375,0.6778249144554138,0.6810926795005798,0.16353750228881836
4,0.005592449102550745,0.99462890625,0.6063179969787598,0.6635442972183228,0.017424974590539932
5,0.09402646124362946,0.9052734375,0.49173301458358765,0.1768256574869156,0.09897312521934509
6,0.0221135001629591,0.97802734375,0.6013143062591553,0.8315793871879578,0.10512923449277878
7,0.05366962403059006,0.94610595703125,0.6813170909881592,0.6358358860015869,0.14859594404697418
8,0.04384296387434006,0.95574951171875,0.4737067222595215,0.621637761592865,0.07167656719684601
