,loss,accuracy,mean_iou,dice_coef,f1_score
0,0.028653476387262344,0.9713134765625,0.7949318885803223,0.809593677520752,0.14964140951633453
1,0.01563180983066559,0.9844970703125,0.8400818705558777,0.8649998307228088,0.11081001907587051
2,0.03618688881397247,0.96356201171875,0.8410882949829102,0.807526171207428,0.18268536031246185
