,loss,accuracy,mean_iou,dice_coef,f1_score
0,0.024383094161748886,0.9755859375,0.487396240234375,0.07629787921905518,0.0025601948145776987
1,0.039956044405698776,0.95965576171875,0.489970326423645,0.20482531189918518,0.042766690254211426
2,0.06681647151708603,0.93255615234375,0.5451169013977051,0.5560289621353149,0.08374267816543579
3,0.06480621546506882,0.9346923828125,0.47227856516838074,0.2090894877910614,0.01838412880897522
4,0.01097550056874752,0.9893798828125,0.49615478515625,0.30446934700012207,0.01526347454637289
5,0.06533621996641159,0.934326171875,0.468475341796875,0.05588536337018013,0.012012374587357044
6,0.03300628066062927,0.9671630859375,0.6734201908111572,0.7472891211509705,0.10271552205085754
7,0.04378538206219673,0.95654296875,0.5095847845077515,0.5582729578018188,0.0631280243396759
8,0.05899982154369354,0.94073486328125,0.4891727566719055,0.4517119228839874,0.05658026784658432
